,opponent_name,levski_goals,opponent_goals,result,coach,hosted,scorers,date,tournament,top_scorer,no_of_penalties
0,ЦСКА (София),1,0,win,Ясен Петров,False,['Гара Дембеле'],2010-08-01,"""А"" Футболна група",Гара Дембеле,0
1,Локомотив (София),3,1,win,Ясен Петров,True,"['Гара Дембеле', 'Гара Дембеле', 'Гара Дембеле', 'Преслав Йорданов']",2010-08-09,"""А"" Футболна група",Гара Дембеле,0
2,Черноморец Бургас (Бургас),1,2,loss,Ясен Петров,False,"['Георги Андонов', 'Рикардо Андре', 'Александър Александров']",2010-08-15,"""А"" Футболна група",Георги Андонов,0
3,Калиакра (Каварна),3,0,win,Ясен Петров,True,"['Антон Петров (аг)', 'Александър Александров', 'Исмаил Иса']",2010-08-22,"""А"" Футболна група",Антон Петров (аг),0
4,Видима-Раковски (Севлиево),2,1,win,Ясен Петров,False,"['Гара Дембеле', 'Дарко Тасевски', 'Герасим Заков']",2010-08-30,"""А"" Футболна група",Герасим Заков,0
5,Миньор (Перник),4,0,win,Ясен Петров,True,"['Жоаозиньо', 'Гара Дембеле', 'Гара Дембеле', 'Гара Дембеле']",2010-09-12,"""А"" Футболна група",Гара Дембеле,0
6,Черно море (Варна),3,2,win,Ясен Петров,False,"['Даниел Младенов', 'Йордан Милиев', 'Георги Божилов', 'Гара Дембеле', 'Георги Илиев']",2010-09-20,"""А"" Футболна група",Даниел Младенов,0
7,Берое (Стара Загора),2,1,win,Ясен Петров,True,"['Гара Дембеле', 'Петър Димитров', 'Христо Йовов']",2010-09-26,"""А"" Футболна група",Петър Димитров,0
8,Сливен 2000 (Сливен),1,1,tie,Ясен Петров,False,"['Дарко Тасевски', 'Евгени Игнатов']",2010-10-04,"""А"" Футболна група",Евгени Игнатов,0
9,Пирин Благоевград (Благоевград),4,1,win,Ясен Петров,True,"['Борис Кондев', 'Гара Дембеле', 'Гара Дембеле', 'Мариян Огнянов', 'Гара Дембеле']",2010-10-16,"""А"" Футболна група",Гара Дембеле,0
10,Литекс (Ловеч),1,2,loss,Ясен Петров,False,"['Гара Дембеле', 'Христо Янев', 'Светослав Тодоров']",2010-10-25,"""А"" Футболна група",Светослав Тодоров,0
11,Локомотив 1936 (Пловдив),1,2,loss,Ясен Петров,True,"['Здравко Лазаров', 'Базиле де Карвальо', 'Мариян Огнянов']",2010-10-30,"""А"" Футболна група",Мариян Огнянов,0
12,Славия 1913 (София),2,2,tie,Ясен Петров,False,"['Сержиньо Грийн', 'Николай Божов', 'Галин Иванов', 'Жоаозиньо']",2010-11-07,"""А"" Футболна група",Галин Иванов,0
13,Академик (София),1,0,win,Ясен Петров,True,['Исмаил Иса'],2010-11-13,"""А"" Футболна група",Исмаил Иса,0
14,Монтана 1921 (Монтана),3,0,win,Ясен Петров,False,"['Даниел Младенов', 'Гара Дембеле', 'Гара Дембеле']",2010-11-27,"""А"" Футболна група",Гара Дембеле,0
15,ЦСКА (София),1,3,loss,Ясен Петров,True,"['Мишел Платини', 'Мишел Платини', 'Апостол Попов', 'Костадин Стоянов (аг)']",2011-02-26,"""А"" Футболна група",Мишел Платини,0
16,Локомотив (София),2,0,win,Ясен Петров,False,"['Гара Дембеле', 'Ивайло Димитров (аг)']",2011-03-06,"""А"" Футболна група",Гара Дембеле,0
17,Черноморец Бургас (Бургас),1,0,win,Ясен Петров,True,['Дарко Тасевски'],2011-03-12,"""А"" Футболна група",Дарко Тасевски,0
18,Видима-Раковски (Севлиево),2,0,win,Ясен Петров,True,"['Гара Дембеле', 'Исмаил Иса']",2011-04-02,"""А"" Футболна група",Гара Дембеле,0
19,Миньор (Перник),0,0,tie,Ясен Петров,False,,2011-04-10,"""А"" Футболна група",,0
20,Черно море (Варна),1,0,win,Ясен Петров,True,['Иво Иванов'],2011-04-17,"""А"" Футболна група",Иво Иванов,0
21,Берое (Стара Загора),3,2,win,Ясен Петров,False,"['Христо Йовов', 'Евгени Йорданов', 'Александър Александров', 'Владислав Златинов (д)', 'Жанвион Юлу-Матондо']",2011-04-24,"""А"" Футболна група",Евгени Йорданов,1
22,Сливен 2000 (Сливен),5,0,win,Ясен Петров,True,"['Гара Дембеле', 'Жанвион Юлу-Матондо', 'Гара Дембеле', 'Даниел Младенов', 'Гара Дембеле']",2011-05-01,"""А"" Футболна група",Гара Дембеле,0
23,Пирин Благоевград (Благоевград),3,2,win,Ясен Петров,False,"['Иван Цветков', 'Жанвион Юлу-Матондо', 'Гара Дембеле', 'Христо Йовов', 'Иван Цветков (д)']",2011-05-04,"""А"" Футболна група",Иван Цветков,1
24,Литекс (Ловеч),2,0,win,Ясен Петров,True,"['Гара Дембеле', 'Христо Йовов']",2011-05-08,"""А"" Футболна група",Гара Дембеле,0
25,Локомотив 1936 (Пловдив),3,2,win,Ясен Петров,False,"['Базле де Карвальо', 'Дарко Тасевски', 'Гара Дембеле', 'Гара Дембеле', 'Здравко Лазаров (д)']",2011-05-14,"""А"" Футболна група",Гара Дембеле,1
26,Славия 1913 (София),3,0,win,Ясен Петров,True,"['Христо Йовов', 'Владимир Гаджев', 'Христо Йовов']",2011-05-18,"""А"" Футболна група",Христо Йовов,0
27,Академик (София),3,0,win,Ясен Петров,False,"['Владимир Гаджев', 'Даниел Младенов', 'Даниел Младенов']",2011-05-21,"""А"" Футболна група",Даниел Младенов,0
28,Монтана 1921 (Монтана),3,0,win,Ясен Петров,False,"['Веселин Минев', 'Гара Дембеле', 'Христо Йовов']",2011-05-27,"""А"" Футболна група",Веселин Минев,0
29,Банско,3,1,win,Ясен Петров,False,"['Гара Дембеле', 'Слави Шопов (аг)', 'Павел Петков', 'Гара Дембеле']",2010-11-20,Купа на България,Гара Дембеле,0
30,Берое (Стара Загора),1,0,win,Ясен Петров,True,['Владимир Гаджев'],2010-12-08,Купа на България,Владимир Гаджев,0
31,Дъндолк,6,0,win,Ясен Петров,True,"['Христо Йовов', 'Даниел Младенов', 'Гара Дембеле', 'Даниел Младенов', 'Исмаил Иса', 'Исмаил Иса']",2010-07-15,Лига Европа,Даниел Младенов,0
32,Дъндолк,2,0,win,Ясен Петров,False,"['Гара Дембеле', 'Гара Дембеле']",2010-07-22,Лига Европа,Гара Дембеле,0
33,Калмар,1,1,tie,Ясен Петров,False,"['Жоаозиньо', 'Абиола Дауда']",2010-07-29,Лига Европа,Абиола Дауда,0
34,Калмар,5,2,win,Ясен Петров,True,"['Гара Дембеле', 'Даниел Младенов', 'Гара Дембеле', 'Матиас Йохансон', 'Ерик Исраелсон', 'Исмаил Иса', 'Исмаил Иса']",2010-08-05,Лига Европа,Гара Дембеле,0
35,АИК (Стокхолм),0,0,tie,Ясен Петров,False,,2010-08-19,Лига Европа,,0
36,АИК (Стокхолм),2,1,win,Ясен Петров,True,"['Мохамед Бангура', 'Даниел Младенов', 'Гара Дембеле']",2010-08-26,Лига Европа,Даниел Младенов,0
37,Гент,3,2,win,Ясен Петров,True,"['Рандал Асофейфа', 'Жоаозиньо', 'Марко Шулер', 'Гара Дембеле', 'Сержиньо Грийн']",2010-09-16,Лига Европа,Рандал Асофейфа,0
38,Спортинг (Лисабон),0,5,loss,Ясен Петров,False,,2010-09-30,Лига Европа,,0
39,Лил,0,1,loss,Ясен Петров,False,,2010-10-21,Лига Европа,,0
40,Лил,2,2,tie,Ясен Петров,True,"['Гара Дембеле', 'Туло Де Мело', 'Владимир Гаджев', 'Иво Иванов']",2010-11-04,Лига Европа,Иво Иванов,0
41,Гент,0,1,loss,Ясен Петров,False,,2010-12-01,Лига Европа,,0
42,Спортинг (Лисабон),1,0,win,Ясен Петров,True,['Даниел Младенов'],2010-12-16,Лига Европа,Даниел Младенов,0
43,Славия 1913 (София),1,0,win,Георги Иванов,True,['Иван Цветков'],2011-08-08,"""А"" Футболна група",Иван Цветков,0
44,Черно море (Варна),1,3,loss,Георги Иванов,False,"['Илиян Капитанов', 'Ермес Паломино', 'Иван Цветков', 'Димитър Петков']",2011-08-13,"""А"" Футболна група",Илиян Капитанов,0
45,Монтана 1921 (Монтана),1,0,win,Георги Иванов,True,['Шюрд  Арс'],2011-08-21,"""А"" Футболна група",Шюрд  Арс,0
46,Ботев (Враца),3,0,win,Георги Иванов,True,"['Владимир Гаджев', 'Шюрд  Арс', 'Симеон Райков']",2011-08-27,"""А"" Футболна група",Шюрд  Арс,0
47,Миньор (Перник),1,0,win,Георги Иванов,False,['Даниел Младенов'],2011-09-11,"""А"" Футболна група",Даниел Младенов,0
48,Литекс (Ловеч),3,2,win,Георги Иванов,True,"['Дарко Тасевски', 'Симеон Райков', 'Деян Джерманович', 'Максим Жос', 'Владимир Гаджев']",2011-09-17,"""А"" Футболна група",Дарко Тасевски,0
49,Лудогорец 1945 (Разград),1,2,loss,Георги Иванов,False,"['Мирослав Иванов', 'Владимир Гаджев', 'Емил Гъргоров']",2011-09-25,"""А"" Футболна група",Мирослав Иванов,0
50,Локомотив (София),4,0,win,Георги Иванов,True,"['Христо Йовов', 'Шюрд  Арс', 'Христо Йовов', 'Дарко Тасевски']",2011-10-02,"""А"" Футболна група",Христо Йовов,0
51,Черноморец Бургас (Бургас),0,2,loss,Георги Иванов,False,,2011-10-16,"""А"" Футболна група",,0
52,Калиакра (Каварна),3,2,win,Георги Иванов,True,"['Тони Калво', 'Четин Садула', 'Даниел Младенов', 'Владимир Гаджев', 'Якуб Хронец']",2011-10-21,"""А"" Футболна група",Якуб Хронец,0
53,ЦСКА (София),0,1,loss,Георги Иванов,False,,2011-10-28,"""А"" Футболна група",,0
54,Локомотив 1926 (Пловдив),3,2,win,Антони Здравков,True,"['Иван Цветков', 'Базиле де Карвальо', 'Йордан Милиев', 'Шюрд  Арс', 'Шюрд  Арс']",2011-11-06,"""А"" Футболна група",Шюрд  Арс,0
55,Берое (Стара Загора),2,1,win,Николай Костов,False,"['Христо Йовов', 'Христо Йовов', 'Владислав Златинов']",2011-11-13,"""А"" Футболна група",Христо Йовов,0
56,Видима-Раковски (Севлиево),2,1,win,Николай Костов,True,"['Дарко Тасевски', 'Георги Какалов', 'Шюрд  Арс']",2011-11-19,"""А"" Футболна група",Дарко Тасевски,0
57,Светкавица 1922 (Търговище),1,0,win,Николай Костов,False,['Даниел Димов'],2011-11-27,"""А"" Футболна група",Даниел Димов,0
58,Славия 1913 (София),3,0,win,Николай Костов,False,"['Иван Цветков', 'Дарко Тасевски', 'Тони Калво']",2012-03-21,"""А"" Футболна група",Дарко Тасевски,0
59,Черно море (Варна),2,1,win,Николай Костов,True,"['Иван Цветков', 'Кристовао Рамос', 'Дончо Атанасов']",2012-03-04,"""А"" Футболна група",Кристовао Рамос,0
60,Монтана 1921 (Монтана),3,0,win,Николай Костов,False,"['Жозе Жуниор', 'Иван Цветков', 'Иван Цветков']",2012-03-11,"""А"" Футболна група",Иван Цветков,0
61,Ботев (Враца),2,0,win,Николай Костов,False,"['Орлин Старокин', 'Владимир Гаджев']",2012-03-18,"""А"" Футболна група",Владимир Гаджев,0
62,Миньор (Перник),0,1,loss,Николай Костов,True,,2012-03-25,"""А"" Футболна група",,0
63,Литекс (Ловеч),0,1,loss,Георги Иванов,False,,2012-03-29,"""А"" Футболна група",,0
64,Лудогорец 1945 (Разград),0,1,loss,Георги Иванов,True,,2012-04-02,"""А"" Футболна група",,0
65,Локомотив (София),1,1,tie,Викторио Павлов,False,"['Даниел Пеев', 'Жозе Жуниор']",2012-04-08,"""А"" Футболна група",Жозе Жуниор,0
66,Черноморец Бургас (Бургас),2,2,tie,Ясен Петров,True,"['Яник Боли', 'Тони Калво', 'Христо Йовов', 'Аатиф Шаешу']",2012-04-18,"""А"" Футболна група",Христо Йовов,0
67,Калиакра (Каварна),4,1,win,Ясен Петров,False,"['Тони Калво', 'Герасим Заков', 'Христо Йовов', 'Христо Йовов', 'Тони Калво']",2012-04-23,"""А"" Футболна група",Христо Йовов,0
68,ЦСКА (София),1,0,win,Ясен Петров,False,['Кристовао Рамос'],2012-04-29,"""А"" Футболна група",Кристовао Рамос,0
69,Локомотив 1926 (Пловдив),2,3,loss,Ясен Петров,False,"['Христо Йовов', 'Симеон Райков', 'Базиле де Карвальо', 'Йордан Тодоров', 'Христо Златински (д)']",2012-05-06,"""А"" Футболна група",Йордан Тодоров,1
70,Берое (Стара Загора),2,0,win,Ясен Петров,True,"['Иван Цветков', 'Жозе Жуниор']",2012-05-11,"""А"" Футболна група",Иван Цветков,0
71,Видима-Раковски (Севлиево),6,1,win,Ясен Петров,False,"['Жозе Жуниор', 'Жозе Жуниор', 'Тони Калво', 'Даниел Димов', 'Ангел Русев (д)', 'Жозе Жуниор', 'Симеон Райков']",2012-05-19,"""А"" Футболна група",Жозе Жуниор,1
72,Светкавица 1922 (Търговище),7,0,win,Ясен Петров,True,"['Владимир Гаджев', 'Тони Калво', 'Иван Цветков', 'Кристовао Рамос', 'Сюлейман Диамутен', 'Иван Цветков', 'Иван Цветков']",2012-05-23,"""А"" Футболна група",Иван Цветков,0
73,Банско,1,0,win,Николай Костов,False,['Иван Цветков'],2011-11-23,Купа на България,Иван Цветков,0
74,Етър 1924 (Велико Търново),3,0,win,Николай Костов,False,"['Иван Цветков', 'Даниел Димов', 'Иван Цветков']",2011-12-03,Купа на България,Иван Цветков,0
75,Локомотив 1926 (Пловдив),1,2,loss,Николай Костов,False,"['Тони Калво', 'Михаил Венков', 'Здравко Лазаров']",2012-03-15,Купа на България,Здравко Лазаров,0
76,Спартак (Търнава),2,1,win,Георги Иванов,True,"['Ладислав Томачек (д)', 'Владимир Гаджев', 'Шюрд  Арс']",2011-07-28,Лига Европа,Ладислав Томачек (д),1
77,Черноморец Бургас (Бургас),1,0,win,Илиан Илиев,True,['Базиле де Карвальо'],2012-08-11,"""А"" Футболна група",Базиле де Карвальо,0
78,Ботев (Пловдив),3,1,win,Илиан Илиев,True,"['Симеон Райков', 'Симеон Райков', 'Артур Енрике', 'Станислав Ангелов']",2012-08-19,"""А"" Футболна група",Симеон Райков,0
79,Монтана 1921 (Монтана),2,0,win,Илиан Илиев,False,"['Базиле де Карвальо', 'Дъстли Мюлдер']",2012-08-25,"""А"" Футболна група",Дъстли Мюлдер,0
80,Черно море (Варна),4,0,win,Илиан Илиев,True,"['Кристовао Рамос', 'Базиле де Карвальо', 'Марсиньо', 'Базиле де Карвальо']",2012-08-31,"""А"" Футболна група",Базиле де Карвальо,0
81,Берое (Стара Загора),2,1,win,Илиан Илиев,False,"['Давид Каядо (д)', 'Марсиньо', 'Базиле де Карвальо']",2012-09-16,"""А"" Футболна група",Базиле де Карвальо,1
82,Пирин (Гоце Делчев),2,0,win,Илиан Илиев,True,"['Базиле де Карвальо', 'Илиян Йорданов']",2012-09-22,"""А"" Футболна група",Илиян Йорданов,0
83,Локомотив (София),1,1,tie,Илиан Илиев,False,"['Базиле де Карвальо', 'Антонио Павлов']",2012-09-29,"""А"" Футболна група",Антонио Павлов,0
84,Литекс (Ловеч),2,1,win,Илиан Илиев,True,"['Базиле де Карвальо', 'Георги Миланов', 'Симеон Райков']",2012-10-05,"""А"" Футболна група",Георги Миланов,0
85,ЦСКА (София),0,1,loss,Илиан Илиев,False,,2012-10-20,"""А"" Футболна група",,0
86,Локомотив 1926 (Пловдив),2,1,win,Илиан Илиев,True,"['Ромен Ели', 'Жоао Силва', 'Рангел Абушев']",2012-10-27,"""А"" Футболна група",Рангел Абушев,0
87,Миньор (Перник),4,0,win,Илиан Илиев,False,"['Сабри Бумелаха (аг)', 'Базиле де Карвальо', 'Владимир Гаджев', 'Кристовао Рамос']",2012-11-04,"""А"" Футболна група",Кристовао Рамос,0
88,Ботев (Враца),2,0,win,Илиан Илиев,True,"['Марсиньо', 'Дъстли Мюлдер']",2012-11-10,"""А"" Футболна група",Дъстли Мюлдер,0
89,Лудогорец 1945 (Разград),1,2,loss,Илиан Илиев,False,"['Станислав Генчев', 'Илиян Йорданов', 'Станислав Генчев']",2012-11-18,"""А"" Футболна група",Станислав Генчев,0
90,Етър 1924 (Велико Търново),7,1,win,Илиан Илиев,True,"['Базиле де Карвальо', 'Базиле де Карвальо', 'Базиле де Карвальо', 'Антонио Вутов', 'Базиле де Карвальо', 'Ивайло Русев (аг)', 'Нерилон Нери', 'Илиян Йорданов']",2012-11-28,"""А"" Футболна група",Базиле де Карвальо,0
91,Славия 1913 (София),3,1,win,Илиан Илиев,False,"['Даниел Димов', 'Здравко Лазаров', 'Жоао Силва', 'Жоао Силва']",2012-12-08,"""А"" Футболна група",Жоао Силва,0
92,Черноморец Бургас (Бургас),2,0,win,Николай Митов,False,"['Базиле де Карвальо', 'Базиле де Карвальо']",2013-03-03,"""А"" Футболна група",Базиле де Карвальо,0
93,Ботев (Пловдив),0,2,loss,Илиан Илиев,False,,2013-03-09,"""А"" Футболна група",,0
94,Монтана 1921 (Монтана),0,0,tie,Илиан Илиев,True,,2013-03-17,"""А"" Футболна група",,0
95,Черно море (Варна),1,1,tie,Илиан Илиев,False,"['Георги Божилов', 'Рене Михелич']",2013-03-30,"""А"" Футболна група",Рене Михелич,0
96,Берое (Стара Загора),2,0,win,Илиан Илиев,True,"['Илиян Йорданов', 'Базиле де Карвальо']",2013-04-07,"""А"" Футболна група",Илиян Йорданов,0
97,Пирин (Гоце Делчев),1,1,tie,Илиан Илиев,False,"['Ромен Ели', 'Любомир Витанов (д)']",2013-04-10,"""А"" Футболна група",Ромен Ели,1
98,Локомотив (София),2,1,win,Николай Митов,True,"['Базиле де Карвальо', 'Крум Бибишков', 'Жоао Силва']",2013-04-13,"""А"" Футболна група",Крум Бибишков,0
99,Литекс (Ловеч),2,1,win,Николай Митов,False,"['Гари Родригес', 'Христо Йовов', 'Илия Миланов', 'Жоао Силва']",2013-04-20,"""А"" Футболна група",Жоао Силва,0
100,ЦСКА (София),2,1,win,Николай Митов,False,"['Христо Йовов', 'Марсиньо', 'Жоао Силва']",2013-04-27,"""А"" Футболна група",Жоао Силва,0
101,Локомотив 1926 (Пловдив),1,0,win,Николай Митов,False,['Кристовао Рамос'],2013-05-02,"""А"" Футболна група",Кристовао Рамос,0
102,Миньор (Перник),2,1,win,Николай Митов,True,"['Жоао Силва', 'Томислав Павлов', 'Гари Родригес']",2013-05-06,"""А"" Футболна група",Жоао Силва,0
103,Ботев (Враца),3,1,win,Николай Митов,False,"['Андрей Атанасов', 'Базиле де Карвальо', 'Гари Родригес', 'Жоао Силва']",2013-05-10,"""А"" Футболна група",Жоао Силва,0
104,Лудогорец 1945 (Разград),1,0,win,Николай Митов,True,['Мичел Бургзорг (аг)'],2013-05-18,"""А"" Футболна група",Мичел Бургзорг (аг),0
105,Славия 1913 (София),1,1,tie,Николай Митов,True,"['Базиле де Карвальо', 'Димитър Везалов']",2013-05-25,"""А"" Футболна група",Базиле де Карвальо,0
106,Пирин 2002 (Разлог),3,0,win,Илиан Илиев,True,"['Кристовао Рамос', 'Жоао Силва', 'Христо Йовов']",2012-10-31,Купа на България,Жоао Силва,0
107,Пирин 2002 (Разлог),1,0,win,Илиан Илиев,False,['Жоао Силва'],2012-11-24,Купа на България,Жоао Силва,0
108,Черно море (Варна),4,0,win,Илиан Илиев,True,"['Дъстли Мюлдер', 'Дъстли Мюлдер', 'Жоао Силва', 'Жоао Силва']",2012-12-02,Купа на България,Жоао Силва,0
109,Черно море (Варна),0,1,loss,Илиан Илиев,False,,2012-12-15,Купа на България,,0
110,Литекс (Ловеч),1,0,win,Илиан Илиев,True,['Гари Родригес'],2013-03-13,Купа на България,Гари Родригес,0
111,Литекс (Ловеч),1,2,loss,Илиан Илиев,False,"['Дъстли Мюлдер', 'Георги Миланов', 'Исмаил Иса']",2013-04-03,Купа на България,Георги Миланов,0
112,Локомотив (София),3,1,win,Николай Митов,True,"['Гари Родригес', 'Гари Родригес', 'Димитър Илиев', 'Стефан Велев']",2013-04-17,Купа на България,Гари Родригес,0
113,Локомотив (София),0,0,tie,Николай Митов,False,,2013-04-24,Купа на България,,0
114,Сараево,1,0,win,Илиан Илиев,True,['Симеон Райков'],2012-07-19,Лига Европа,Симеон Райков,0
115,Сараево,1,3,loss,Илиан Илиев,False,"['Саид Хюсеинович', 'Асмир Сулич', 'Базиле де Карвальо', 'Саид Хюсеинович']",2012-07-26,Лига Европа,Саид Хюсеинович,0
116,Ботев (Пловдив),1,2,loss,Викторио Павлов,False,"['Гари Родригес', 'Тодор Неделев', 'Тодор Неделев']",2013-07-21,"""А"" Футболна група - първи етап",Тодор Неделев,0
117,Локомотив 1926 (Пловдив),1,2,loss,Славиша Йоканович,True,"[""Аласан Н'Диайе"", 'Цветан Генков', 'Мартин Камбуров']",2013-07-28,"""А"" Футболна група - първи етап",Аласан Н'Диайе,0
118,Пирин (Гоце Делчев),2,0,win,Славиша Йоканович,False,"['Цветан Генков', 'Гари Родригес']",2013-08-04,"""А"" Футболна група - първи етап",Гари Родригес,0
119,Берое (Стара Загора),0,0,tie,Славиша Йоканович,True,,2013-08-11,"""А"" Футболна група - първи етап",,0
120,Литекс (Ловеч),1,1,tie,Славиша Йоканович,False,"['Гари Родригес', 'Вилмар Хордан Хил']",2013-08-18,"""А"" Футболна група - първи етап",Вилмар Хордан Хил,0
121,Черно море (Варна),1,1,tie,Славиша Йоканович,True,"['Гари Родригес', 'Симеон Райков']",2013-08-25,"""А"" Футболна група - първи етап",Гари Родригес,0
122,Любимец 2007 (Любимец),2,0,win,Славиша Йоканович,False,"['Цветан Генков', 'Антонио Вутов']",2013-09-01,"""А"" Футболна група - първи етап",Цветан Генков,0
123,Лудогорец 1945 (Разград),0,2,loss,Славиша Йоканович,True,,2013-09-15,"""А"" Футболна група - първи етап",,0
124,Черноморец Бургас (Бургас),3,1,win,Славиша Йоканович,False,"['Мирослав Иванов', 'Карлос Фонсека', 'Оливейра (аг)', 'Гари Родригес']",2013-09-21,"""А"" Футболна група - първи етап",Мирослав Иванов,0
125,Нефтохимик 1962 (Бургас),6,0,win,Славиша Йоканович,True,"['Даниел Димов', 'Мирослав Иванов', 'Пламен Димов', 'Даниел Димов', 'Владимир Гаджев', 'Владимир Гаджев']",2013-09-25,"""А"" Футболна група - първи етап",Владимир Гаджев,0
126,Славия 1913 (София),1,0,win,Славиша Йоканович,False,['Ларсен Туре'],2013-09-28,"""А"" Футболна група - първи етап",Ларсен Туре,0
127,Локомотив (София),0,0,tie,Славиша Йоканович,True,,2013-10-04,"""А"" Футболна група - първи етап",,0
128,ЦСКА (София),0,3,loss,Антони Здравков,False,,2013-10-19,"""А"" Футболна група - първи етап",,0
129,Ботев (Пловдив),1,0,win,Антони Здравков,True,['Гари Родригес'],2013-10-26,"""А"" Футболна група - първи етап",Гари Родригес,0
130,Локомотив 1926 (Пловдив),3,2,win,Антони Здравков,False,"['Владимир Гаджев', 'Дани Кики', 'Гари Родригес', 'Стелиос Илиадис', 'Цветан Генков']",2013-10-31,"""А"" Футболна група - първи етап",Гари Родригес,0
131,Пирин (Гоце Делчев),4,1,win,Антони Здравков,True,"['Димитър Макриев', 'Гари Родригес', 'Димитър Макриев', 'Костадин Башов (д)', 'Илиян Йорданов']",2013-11-03,"""А"" Футболна група - първи етап",Димитър Макриев,1
132,Берое (Стара Загора),0,1,loss,Антони Здравков,False,,2013-11-09,"""А"" Футболна група - първи етап",,0
133,Литекс (Ловеч),4,1,win,Антони Здравков,True,"['Даниел Димов', 'Орлин Старокин', 'Кевин Бру', 'Вилмар Хордан Хил', 'Орлин Старокин']",2013-11-23,"""А"" Футболна група - първи етап",Орлин Старокин,0
134,Черно море (Варна),1,2,loss,Антони Здравков,False,"['Георги Илиев', 'Бакари', 'Ларсен Туре']",2013-11-30,"""А"" Футболна група - първи етап",Ларсен Туре,0
135,Любимец 2007 (Любимец),3,0,win,Антони Здравков,True,"['Славчо Шоколаров (аг)', 'Гари Родригес', 'Антонио Вутов']",2013-12-04,"""А"" Футболна група - първи етап",Гари Родригес,0
136,Лудогорец 1945 (Разград),1,0,win,Антони Здравков,False,['Ларсен Туре'],2013-12-07,"""А"" Футболна група - първи етап",Ларсен Туре,0
137,Черноморец Бургас (Бургас),2,0,win,Антони Здравков,True,"['Ларсен Туре', 'Димитър Макриев']",2013-12-12,"""А"" Футболна група - първи етап",Димитър Макриев,0
138,Нефтохимик 1962 (Бургас),6,1,win,Антони Здравков,False,"['Орлин Старокин', 'Димитър Макриев', 'Димитър Макриев', 'Гари Родригес', 'Алехандро Перес', 'Гари Родригес', 'Илиян Йорданов']",2013-12-15,"""А"" Футболна група - първи етап",Гари Родригес,0
139,Славия 1913 (София),2,2,tie,Антони Здравков,True,"['Атанас Курдов', 'Димитър Макриев', 'Кире Ристевски', 'Пламен Крумов']",2014-02-22,"""А"" Футболна група - първи етап",Пламен Крумов,0
140,Локомотив (София),0,1,loss,Антони Здравков,False,,2014-02-28,"""А"" Футболна група - първи етап",,0
141,ЦСКА (София),0,1,loss,Антони Здравков,False,,2014-03-08,"""А"" Футболна група - първи етап",,0
142,ЦСКА (София),0,1,loss,Антони Здравков,False,,2014-03-15,"""А"" Футболна група - втори етап",,0
143,Ботев (Пловдив),2,0,win,Елин Топузаков,True,"['Даниел Димов', 'Димитър Макриев']",2014-03-22,"""А"" Футболна група - втори етап",Димитър Макриев,0
144,Локомотив 1926 (Пловдив),2,0,win,Елин Топузаков,False,"['Валери Божинов', 'Владимир Гаджев']",2014-03-27,"""А"" Футболна група - втори етап",Валери Божинов,0
145,Черно море (Варна),1,0,win,Елин Топузаков,True,['Даниел Димов'],2014-04-06,"""А"" Футболна група - втори етап",Даниел Димов,0
146,Лудогорец 1945 (Разград),0,2,loss,Елин Топузаков,False,,2014-04-09,"""А"" Футболна група - втори етап",,0
147,Литекс (Ловеч),1,2,loss,Елин Топузаков,True,"['Армандо Ваюши', 'Румен Руменов', 'Владислав Мисяк']",2014-04-12,"""А"" Футболна група - втори етап",Румен Руменов,0
148,ЦСКА (София),1,3,loss,Елин Топузаков,False,"['Омар Косоко', 'Радослав Цонев', 'Иван Стоянов', 'Иван Маркович']",2014-04-21,"""А"" Футболна група - втори етап",Радослав Цонев,0
149,Ботев (Пловдив),0,2,loss,Елин Топузаков,False,,2014-04-26,"""А"" Футболна група - втори етап",,0
150,Локомотив 1926 (Пловдив),2,1,win,Елин Топузаков,True,"['Цветан Генков', 'Валери Божинов', 'Мартин Камбуров']",2014-05-01,"""А"" Футболна група - втори етап",Мартин Камбуров,0
151,Черно море (Варна),2,1,win,Елин Топузаков,False,"['Владимир Гаджев', 'Валери Домовчийски', 'Валери Божинов']",2014-05-07,"""А"" Футболна група - втори етап",Валери Божинов,0
152,Лудогорец 1945 (Разград),2,3,loss,Елин Топузаков,True,"['Валери Божинов', 'Себастиан Ернандес', 'Христо Златински', 'Жуниньо Кишада', 'Дани Абало', 'Валери Божинов']",2014-05-11,"""А"" Футболна група - втори етап",Валери Божинов,0
153,Литекс (Ловеч),1,0,win,Елин Топузаков,False,"['Валери Божинов', 'Вилмар Хордан Хил']",2014-05-17,"""А"" Футболна група - втори етап",Валери Божинов,0
154,Пирин (Гоце Делчев),4,0,win,Славиша Йоканович,True,"['Антонио Вутов', 'Гари Родригес', 'Илиян Йорданов', 'Борислав Цонев']",2013-09-18,Купа на България,Илиян Йорданов,0
155,Пирин (Гоце Делчев),5,0,win,Антони Здравков,False,"['Орлин Старокин', 'Гари Родригес', 'Цветан Генков', 'Гари Родригес', 'Цветан Генков']",2013-10-12,Купа на България,Гари Родригес,0
156,ЦСКА (София),0,0,tie,Антони Здравков,False,,2013-11-16,Купа на България,,0
157,Ботев (Пловдив),3,1,win,Антони Здравков,True,"['Феребори Доре', 'Адам Стаховяк (аг)', 'Дъстли Мюлдер', 'Валери Божинов']",2014-03-12,Купа на България,Феребори Доре,0
158,Ботев (Пловдив),0,2,loss,Антони Здравков,False,,2014-03-19,Купа на България,,0
159,Иртиш (Павлодар),0,0,tie,Николай Митов,True,,2013-07-04,Лига Европа,,0
160,Иртиш (Павлодар),0,2,loss,Николай Митов,False,,2013-07-11,Лига Европа,,0
161,Локомотив 1926 (Пловдив),1,1,tie,Хосе Мурсия,True,"['Благой Наков', 'Валери Домовчийски']",2014-07-19,"""А"" Футболна група - първи етап",Валери Домовчийски,0
162,ЦСКА (София),0,2,loss,Хосе Мурсия,False,,2014-07-27,"""А"" Футболна група - първи етап",,0
163,Локомотив (София),1,0,win,Хосе Мурсия,True,['Роман Прохазка'],2014-08-02,"""А"" Футболна група - първи етап",Роман Прохазка,0
164,Берое (Стара Загора),1,2,loss,Георги Иванов,False,"['Жуниор Мапуку', 'Жуниор Мапуку', 'Валери Домовчийски']",2014-08-10,"""А"" Футболна група - първи етап",Жуниор Мапуку,0
165,Ботев (Пловдив),2,1,win,Георги Иванов,True,"['Цветелин Чунчуков', 'Владимир Гаджев', 'Луис Педро']",2014-08-17,"""А"" Футболна група - първи етап",Цветелин Чунчуков,0
166,Литекс (Ловеч),0,3,loss,Георги Иванов,False,,2014-08-24,"""А"" Футболна група - първи етап",,0
167,Черно море (Варна),1,0,win,Георги Иванов,True,['Валери Божинов'],2014-08-29,"""А"" Футболна група - първи етап",Валери Божинов,0
168,Славия 1913 (София),2,0,win,Георги Иванов,True,"['Роман Прохазка', 'Антонио Салас']",2014-09-14,"""А"" Футболна група - първи етап",Антонио Салас,0
169,Хасково 2009 (Хасково),4,1,win,Георги Иванов,False,"['Луис Педро', 'Валери Домовчийски', 'Владимир Гаджев', 'Антонио Салас', 'Емил Ангелов (д)']",2014-09-20,"""А"" Футболна група - първи етап",Валери Домовчийски,1
170,Лудогорец 1945 (Разград),3,2,win,Георги Иванов,True,"['Мигел Бедоя', 'Космин Моци (д)', 'Георги Сърмов', 'Мигел Бедоя', 'Вандерсон']",2014-09-27,"""А"" Футболна група - първи етап",Мигел Бедоя,1
171,Марек 2010 (Дупница),1,1,tie,Георги Иванов,False,"['Златко Бонев', 'Владимир Гаджев', 'Мирослав Иванов']",2014-10-04,"""А"" Футболна група - първи етап",Златко Бонев,0
172,Локомотив 1926 (Пловдив),1,1,tie,Георги Иванов,False,"['Мигел Бедоя', 'Мартин Камбуров']",2014-10-18,"""А"" Футболна група - първи етап",Мартин Камбуров,0
173,ЦСКА (София),0,3,loss,Георги Иванов,False,,2014-10-25,"""А"" Футболна група - първи етап",,0
174,Локомотив (София),1,0,win,Георги Иванов,False,['Антонио Салас'],2014-11-02,"""А"" Футболна група - първи етап",Антонио Салас,0
175,Берое (Стара Загора),0,1,loss,Георги Иванов,True,,2014-11-07,"""А"" Футболна група - първи етап",,0
176,Ботев (Пловдив),3,0,win,Георги Иванов,False,"['Роман Прохазка', 'Георги Сърмов', 'Мигел Бедоя']",2014-11-23,"""А"" Футболна група - първи етап",Роман Прохазка,0
177,Литекс (Ловеч),2,2,tie,Елин Топузаков,True,"['Кристиян Малинов', 'Валери Домовчийски', 'Антонио Салас', 'Кирил Десподов']",2014-11-29,"""А"" Футболна група - първи етап",Кристиян Малинов,0
178,Черно море (Варна),0,1,loss,Георги Иванов,False,,2014-12-06,"""А"" Футболна група - първи етап",,0
179,Славия 1913 (София),1,3,loss,Георги Иванов,False,"['Жереми Манзоро', 'Валери Домовчийски', 'Жереми Манзоро', 'Жереми Манзоро']",2014-12-13,"""А"" Футболна група - първи етап",Жереми Манзоро,0
180,Хасково 2009 (Хасково),8,0,win,Стойчо Стоев,True,"['Валери Домовчийски', 'Антонио Салас', 'Валери Домовчийски', 'Мигел Бедоя', 'Божидар Краев', 'Емил Нину', 'Антонио Салас', 'Лукаш Гикевич']",2015-02-27,"""А"" Футболна група - първи етап",Валери Домовчийски,0
181,Лудогорец 1945 (Разград),0,1,loss,Стойчо Стоев,False,,2015-03-08,"""А"" Футболна група - първи етап",,0
182,Марек 2010 (Дупница),4,0,win,Стойчо Стоев,True,"['Антонио Салас', 'Владимир Гаджев', 'Владимир Гаджев', 'Либан Абди']",2015-03-14,"""А"" Футболна група - първи етап",Владимир Гаджев,0
183,Хасково 2009 (Хасково),1,1,tie,Стойчо Стоев,True,"['Димитър Алексиев', 'Антонио Салас']",2015-03-20,"""А"" Футболна група - втори етап",Антонио Салас,0
184,Черно море (Варна),5,2,win,Стойчо Стоев,True,"['Либан Абди', 'Петър Златинов', 'Божидар Краев', 'Валери Домовчийски', 'Симеон Райков', 'Мамуту Кулибали (аг)', 'Борислав Цонев']",2015-04-03,"""А"" Футболна група - втори етап",Валери Домовчийски,0
185,Славия 1913 (София),0,1,loss,Стойчо Стоев,False,,2015-04-11,"""А"" Футболна група - втори етап",,0
186,Локомотив 1926 (Пловдив),5,0,win,Стойчо Стоев,True,"['Валери Домовчийски', 'Роман Прохазка', 'Антонио Салас', 'Антонио Салас', 'Либан Абди', 'Антонио Салас']",2015-04-17,"""А"" Футболна група - втори етап",Антонио Салас,0
187,Марек 2010 (Дупница),3,1,win,Стойчо Стоев,False,"['Лукаш Гикевич', 'Димитър Димитров', 'Луис Педро', 'Борислав Цонев']",2015-04-25,"""А"" Футболна група - втори етап",Лукаш Гикевич,0
188,Хасково 2009 (Хасково),5,0,win,Стойчо Стоев,False,"['Мигел Бедоя', 'Божидар Краев', 'Антонио Салас', 'Мигел Бедоя', 'Мики Орачев']",2015-05-04,"""А"" Футболна група - втори етап",Мигел Бедоя,0
189,Черно море (Варна),2,0,win,Стойчо Стоев,False,"['Валери Домовчийски', 'Мигел Бедоя']",2015-05-09,"""А"" Футболна група - втори етап",Валери Домовчийски,0
190,Славия 1913 (София),2,3,loss,Стойчо Стоев,True,"['Димитър Пиргов', 'Радослав Цонев', 'Петър Атанасов', 'Жереми Манзоро', 'Радослав Цонев']",2015-05-16,"""А"" Футболна група - втори етап",Радослав Цонев,0
191,Локомотив 1926 (Пловдив),1,0,win,Стойчо Стоев,False,['Владимир Гаджев'],2015-05-22,"""А"" Футболна група - втори етап",Владимир Гаджев,0
192,Марек 2010 (Дупница),6,0,win,Стойчо Стоев,True,"['Божидар Краев', 'Божидар Краев', 'Борислав Цонев', 'Божидар Краев', 'Антонио Салас', 'Антонио Салас']",2015-05-26,"""А"" Футболна група - втори етап",Божидар Краев,0
193,Спартак 1918 (Варна),7,1,win,Георги Иванов,False,"['Мирослав Иванов', 'Радослав Цонев', 'Божидар Краев', 'Божидар Краев', 'Владислав Мисяк', 'Валери Домовчийски', 'Божидар Краев', 'Диян Малчев']",2014-09-23,Купа на България,Божидар Краев,0
194,Монтана 1921 (Монтана),0,2,loss,Георги Иванов,False,,2014-10-29,Купа на България,,0
195,Монтана 1921 (Монтана),4,0,win,Георги Иванов,True,"['Антонио Салас', 'Аймен Белаид', 'Валери Домовчийски', 'Мигел Бедоя']",2014-12-03,Купа на България,Валери Домовчийски,0
196,Хасково 2009 (Хасково),3,0,win,Стойчо Стоев,True,"['Валери Домовчийски', 'Валери Домовчийски', 'Тихомир Трифонов (аг)']",2015-02-21,Купа на България,Валери Домовчийски,0
197,Хасково 2009 (Хасково),1,1,tie,Стойчо Стоев,False,"['Лукаш Гикевич', 'Станислав Маламов']",2015-03-03,Купа на България,Лукаш Гикевич,0
198,Лудогорец 1945 (Разград),0,0,tie,Стойчо Стоев,False,,2015-04-08,Купа на България,,0
199,Лудогорец 1945 (Разград),1,0,win,Стойчо Стоев,True,['Антонио Салас'],2015-04-29,Купа на България,Антонио Салас,0
200,Черно море (Варна),1,2,loss,Стойчо Стоев,False,"['Антонио Салас', 'Бакари', 'Матиас Курьор']",2015-05-30,Купа на България,Антонио Салас,0
201,Ботев (Пловдив),1,1,tie,Стойчо Стоев,False,"['Георги Костадинов', 'Мариян Огнянов', 'Даниел Генов']",2015-07-18,"""А"" Футболна група",Даниел Генов,0
202,Лудогорец 1945 (Разград),0,2,loss,Стойчо Стоев,False,,2015-08-01,"""А"" Футболна група",,0
203,Черно море (Варна),1,0,win,Стойчо Стоев,False,['Борислав Цонев'],2015-08-08,"""А"" Футболна група",Борислав Цонев,0
204,Монтана 1921 (Монтана),2,0,win,Явор Вълчинов,True,"['Божидар Краев', 'Божидар Краев']",2015-08-15,"""А"" Футболна група",Божидар Краев,0
205,Локомотив 1926 (Пловдив),0,1,loss,Стойчо Стоев,False,,2015-08-23,"""А"" Футболна група",,0
206,Пирин (Благоевград),0,0,tie,Стойчо Стоев,True,,2015-08-30,"""А"" Футболна група",,0
207,Славия 1913 (София),1,0,win,Стойчо Стоев,False,['Омар Диаби'],2015-09-13,"""А"" Футболна група",Омар Диаби,0
208,Берое (Стара Загора),2,0,win,Стойчо Стоев,True,"['Владимир Гаджев', 'Роман Прохазка']",2015-09-20,"""А"" Футболна група",Роман Прохазка,0
209,Ботев (Пловдив),1,0,win,Стойчо Стоев,True,['Георги Костадинов'],2015-09-28,"""А"" Футболна група",Георги Костадинов,0
210,Лудогорец 1945 (Разград),1,1,tie,Стойчо Стоев,True,"['Живко Миланов', 'Клаудиу Кешерю']",2015-10-18,"""А"" Футболна група",Живко Миланов,0
211,Черно море (Варна),1,0,win,Стойчо Стоев,True,['Максимилиан Карнер'],2015-10-23,"""А"" Футболна група",Максимилиан Карнер,0
212,Монтана 1921 (Монтана),2,0,win,Стойчо Стоев,False,"['Роман Прохазка', 'Божидар Краев']",2015-11-02,"""А"" Футболна група",Роман Прохазка,0
213,Локомотив 1926 (Пловдив),1,0,win,Стойчо Стоев,True,['Мигел Бедоя'],2015-11-08,"""А"" Футболна група",Мигел Бедоя,0
214,Пирин (Благоевград),0,1,loss,Стойчо Стоев,False,,2015-11-22,"""А"" Футболна група",,0
215,Славия 1913 (София),2,0,win,Стойчо Стоев,True,"['Роман Прохазка', 'Джереми де Нойер']",2015-11-29,"""А"" Футболна група",Роман Прохазка,0
216,Берое (Стара Загора),0,1,loss,Стойчо Стоев,False,,2015-12-02,"""А"" Футболна група",,0
217,Ботев (Пловдив),0,0,tie,Стойчо Стоев,False,,2015-12-05,"""А"" Футболна група",,0
218,Лудогорец 1945 (Разград),1,2,loss,Стойчо Стоев,False,"['Вандерсон', 'Лукас Саша', 'Роман Прохазка']",2016-02-21,"""А"" Футболна група",Вандерсон,0
219,Черно море (Варна),2,0,win,Стойчо Стоев,False,"['Георги Костадинов', 'Мигел Бедоя']",2016-02-27,"""А"" Футболна група",Георги Костадинов,0
220,Монтана 1921 (Монтана),0,0,tie,Стойчо Стоев,True,,2016-03-02,"""А"" Футболна група",,0
221,Локомотив 1926 (Пловдив),1,1,tie,Стойчо Стоев,False,"['Ванчо Траянов', 'Венцислав Христов']",2016-03-05,"""А"" Футболна група",Венцислав Христов,0
222,Пирин (Благоевград),3,1,win,Стойчо Стоев,True,"['Стилиян Николов', 'Мигел Бедоя', 'Венцислав Христов', 'Франсис Нар']",2016-03-13,"""А"" Футболна група",Стилиян Николов,0
223,Славия 1913 (София),0,0,tie,Стойчо Стоев,False,,2016-03-19,"""А"" Футболна група",,0
224,Берое (Стара Загора),1,0,win,Стойчо Стоев,True,['Венцислав Христов'],2016-04-02,"""А"" Футболна група",Венцислав Христов,0
225,Ботев (Пловдив),3,0,win,Стойчо Стоев,True,"['Венцислав Христов', 'Роман Прохазка', 'Роман Прохазка']",2016-04-09,"""А"" Футболна група",Роман Прохазка,0
226,Лудогорец 1945 (Разград),0,0,tie,Стойчо Стоев,True,,2016-04-23,"""А"" Футболна група",,0
227,Черно море (Варна),5,1,win,Стойчо Стоев,True,"['Божидар Краев', 'Даниел Георгиев', 'Венцислав Христов', 'Венцислав Христов', 'Венцислав Христов', 'Мигел Бедоя']",2016-04-28,"""А"" Футболна група",Венцислав Христов,0
228,Монтана 1921 (Монтана),1,0,win,Стойчо Стоев,False,['Мигел Бедоя'],2016-05-06,"""А"" Футболна група",Мигел Бедоя,0
229,Локомотив 1926 (Пловдив),2,3,loss,Стойчо Стоев,True,"['Венцислав Христов', 'Мигел Бедоя', 'Веселин Минев', 'Мартин Камбуров', 'Бирсент Карагарен']",2016-05-10,"""А"" Футболна група",Бирсент Карагарен,0
230,Пирин (Благоевград),1,0,win,Стойчо Стоев,False,['Александър Александров'],2016-05-15,"""А"" Футболна група",Александър Александров,0
231,Славия 1913 (София),0,1,loss,Елин Топузаков,True,,2016-05-22,"""А"" Футболна група",,0
232,Берое (Стара Загора),1,2,loss,Елин Топузаков,False,"['Георги Костадинов', 'Елиаш', 'Иво Иванов']",2016-05-28,"""А"" Футболна група",Елиаш,0
233,Несебър,3,1,win,Стойчо Стоев,False,"['Божидар Краев', 'Мигел Бедоя', 'Божидар Краев', 'Николай Костов']",2015-10-28,Купа на България,Божидар Краев,0
234,Литекс (Ловеч),0,3,loss,Стойчо Стоев,False,,2015-12-08,Купа на България,,0
235,Монтана 1921 (Монтана),0,0,tie,Люпко Петрович,True,,2016-07-31,Първа професионална лига - първи етап,,0
236,Локомотив 1926 (Пловдив),2,2,tie,Люпко Петрович,False,"['Веселин Марчев', 'Франсис Нар', 'Бабатунде Адениджи', 'Мартин Камбуров (д)']",2016-08-07,Първа професионална лига - първи етап,Веселин Марчев,1
237,Лудогорец 1945 (Разград),1,0,win,Люпко Петрович,True,['Божидар Краев'],2016-08-13,Първа професионална лига - първи етап,Божидар Краев,0
238,Славия 1913 (София),4,0,win,Люпко Петрович,False,"['Антонио Салас', 'Бабатунде Адениджи', 'Георги Костадинов', 'Божидар Краев']",2016-08-21,Първа професионална лига - първи етап,Антонио Салас,0
239,Верея (Стара Загора),4,0,win,Люпко Петрович,True,"['Франсис Нар', 'Божидар Краев', 'Илиас Хасани (аг)', 'Антонио Салас']",2016-08-28,Първа професионална лига - първи етап,Божидар Краев,0
240,Нефтохимик 1962 (Бургас),2,1,win,Люпко Петрович,False,"['Роман Прохазка', 'Иван Вълчанов', 'Роман Прохазка']",2016-09-10,Първа професионална лига - първи етап,Роман Прохазка,0
241,Пирин (Благоевград),2,0,win,Люпко Петрович,True,"['Димитър Пиргов', 'Бабатунде Адениджи']",2016-09-17,Първа професионална лига - първи етап,Бабатунде Адениджи,0
242,Локомотив (Горна Оряховица),1,0,win,Люпко Петрович,False,['Мартин Кавдански (аг)'],2016-09-26,Първа професионална лига - първи етап,Мартин Кавдански (аг),0
243,Дунав 2010 (Русе),2,0,win,Люпко Петрович,True,"['Георги Костадинов', 'Георги Костадинов']",2016-10-02,Първа професионална лига - първи етап,Георги Костадинов,0
244,ЦСКА-София (София),1,1,tie,Люпко Петрович,False,"['Франсис Нар', 'Преслав Йорданов (д)']",2016-10-15,Първа професионална лига - първи етап,Франсис Нар,1
245,Берое (Стара Загора),2,0,win,Елин Топузаков,True,"['Антонио Салас', 'Георги Костадинов']",2016-10-22,Първа професионална лига - първи етап,Антонио Салас,0
246,Ботев (Пловдив),1,1,tie,Елин Топузаков,False,"['Жоао Пауло', 'Роман Прохазка']",2016-10-30,Първа професионална лига - първи етап,Роман Прохазка,0
247,Черно море (Варна),1,0,win,Елин Топузаков,True,['Роман Прохазка'],2016-11-04,Първа професионална лига - първи етап,Роман Прохазка,0
248,Монтана 1921 (Монтана),3,1,win,Елин Топузаков,False,"['Божидар Краев', 'Костадин Дяков', 'Димитър Пиргов', 'Илиян Мицански']",2016-11-20,Първа професионална лига - първи етап,Илиян Мицански,0
249,Локомотив 1926 (Пловдив),1,2,loss,Елин Топузаков,True,"['Ясин Ел Харуби (аг)', 'Веселин Марчев', 'Мартин Камбуров (д)']",2016-11-26,Първа професионална лига - първи етап,Веселин Марчев,1
250,Лудогорец 1945 (Разград),1,2,loss,Елин Топузаков,False,"['Бабатунде Адениджи', 'Вандерсон', 'Марселиньо']",2016-11-30,Първа професионална лига - първи етап,Вандерсон,0
251,Славия 1913 (София),1,0,win,Елин Топузаков,True,['Мехди Бурабия'],2016-12-03,Първа професионална лига - първи етап,Мехди Бурабия,0
252,Верея (Стара Загора),1,0,win,Елин Топузаков,False,['Антонио Салас'],2016-12-10,Първа професионална лига - първи етап,Антонио Салас,0
253,Нефтохимик 1962 (Бургас),1,0,win,Елин Топузаков,True,['Бабатунде Адениджи'],2016-12-14,Първа професионална лига - първи етап,Бабатунде Адениджи,0
254,Пирин (Благоевград),0,1,loss,Елин Топузаков,False,,2017-02-18,Първа професионална лига - първи етап,,0
255,Локомотив (Горна Оряховица),1,1,tie,Елин Топузаков,True,"['Бабатунде Адениджи', 'Рахави Кифуети']",2017-02-25,Първа професионална лига - първи етап,Рахави Кифуети,0
256,Дунав 2010 (Русе),2,2,tie,Елин Топузаков,False,"['Бирсент Карагарен', 'Антон Огнянов', 'Мирослав Будинов', 'Роман Прохазка']",2017-02-28,Първа професионална лига - първи етап,Бирсент Карагарен,0
257,ЦСКА-София (София),2,1,win,Николай Митов,False,"['Арсенио Нунеш', 'Роман Прохазка', 'Давид Яблонски']",2017-03-04,Първа професионална лига - първи етап,Арсенио Нунеш,0
258,Берое (Стара Загора),0,1,loss,Николай Митов,False,,2017-03-12,Първа професионална лига - първи етап,,0
259,Ботев (Пловдив),2,0,win,Николай Митов,True,"['Роман Прохазка', 'Бабатунде Адениджи']",2017-03-19,Първа професионална лига - първи етап,Роман Прохазка,0
260,Черно море (Варна),0,1,loss,Николай Митов,False,,2017-04-01,Първа професионална лига - първи етап,,0
261,Локомотив 1926 (Пловдив),5,0,win,Николай Митов,True,"['Антонио Салас', 'Божидар Краев', 'Божидар Краев', 'Божидар Краев', 'Божидар Краев']",2017-04-09,Първа професионална лига - втори етап,Божидар Краев,0
262,Лудогорец 1945 (Разград),0,0,tie,Николай Митов,False,,2017-04-14,Първа професионална лига - втори етап,,0
263,Дунав 2010 (Русе),1,1,tie,Николай Митов,True,"['Мирослав Будинов (аг)', 'Самир Аясс']",2017-04-21,Първа професионална лига - втори етап,Самир Аясс,0
264,ЦСКА-София (София),0,3,loss,Николай Митов,False,,2017-04-29,Първа професионална лига - втори етап,,0
265,Черно море (Варна),1,0,win,Николай Митов,False,['Амаду Сукуна'],2017-05-07,Първа професионална лига - втори етап,Амаду Сукуна,0
266,Локомотив 1926 (Пловдив),1,2,loss,Николай Митов,False,"['Мартин Камбуров', 'Мехди Бурабия', 'Стефан Йевтоски']",2017-05-12,Първа професионална лига - втори етап,Стефан Йевтоски,0
267,Лудогорец 1945 (Разград),1,3,loss,Николай Митов,True,"['Марселиньо', 'Вандерсон', 'Давид Яблонски', 'Вандерсон']",2017-05-16,Първа професионална лига - втори етап,Вандерсон,0
268,Дунав 2010 (Русе),1,0,win,Николай Митов,False,['Божидар Краев'],2017-05-21,Първа професионална лига - втори етап,Божидар Краев,0
269,ЦСКА-София (София),0,3,loss,Николай Митов,False,,2017-05-28,Първа професионална лига - втори етап,,0
270,Черно море (Варна),2,2,tie,Николай Митов,True,"['Мартин Костадинов', 'Божидар Краев', 'Румен Касабов', 'Роман Прохазка']",2017-05-31,Първа професионална лига - втори етап,Божидар Краев,0
271,Царско село 2015 (София),2,0,win,Люпко Петрович,False,"['Бабатунде Адениджи', 'Хеан Деса']",2016-09-22,Купа на България,Хеан Деса,0
272,Черно море (Варна),2,3,loss,Елин Топузаков,True,"['Александър Цветков', 'Бакари', 'Бабатунде Адениджи', 'Димитър Пиргов', 'Александър Цветков']",2016-10-26,Купа на България,Александър Цветков,0
273,Марибор,0,0,tie,Люпко Петрович,False,,2016-07-14,Лига Европа,,0
274,Марибор,1,1,tie,Люпко Петрович,True,"['Франсис Нар', 'Таварес', 'Таварес']",2016-07-21,Лига Европа,Таварес,0
275,Лудогорец 1945 (Разград),0,0,tie,Делио Роси,True,,2017-09-06,Първа професионална лига - първи етап,,0
276,Локомотив 1926 (Пловдив),0,0,tie,Николай Митов,False,,2017-07-23,Първа професионална лига - първи етап,,0
277,Витоша (Бистрица),2,0,win,Николай Митов,True,"['Антонио Вутов', 'Серджиу Буш']",2017-07-30,Първа професионална лига - първи етап,Серджиу Буш,0
278,Верея (Стара Загора),0,2,loss,Асен Букарев,False,,2017-08-05,Първа професионална лига - първи етап,,0
279,Дунав 2010 (Русе),2,0,win,Делио Роси,True,"['Давид Яблонски', 'Серджиу Буш']",2017-08-13,Първа професионална лига - първи етап,Серджиу Буш,0
280,Пирин (Благоевград),3,0,win,Делио Роси,False,"['Жуниор Мапуку', 'Жуниор Мапуку', 'Жуниор Мапуку']",2017-08-18,Първа професионална лига - първи етап,Жуниор Мапуку,0
281,Славия 1913 (София),4,0,win,Делио Роси,True,"['Жорди Гомес', 'Жуниор Мапуку', 'Жорди Гомес', 'Серджиу Буш']",2017-08-26,Първа професионална лига - първи етап,Жорди Гомес,0
282,Ботев (Пловдив),1,2,loss,Делио Роси,False,"['Давид Яблонски', 'Тодор Неделев', 'Лъчезар Балтанов']",2017-09-10,Първа професионална лига - първи етап,Лъчезар Балтанов,0
283,Септември (София),2,0,win,Делио Роси,True,"['Давид Яблонски', 'Габриел Обертан']",2017-09-15,Първа професионална лига - първи етап,Давид Яблонски,0
284,Берое (Стара Загора),0,0,tie,Делио Роси,False,,2017-09-25,Първа професионална лига - първи етап,,0
285,Черно море (Варна),1,0,win,Делио Роси,True,"['Георги Илиев', 'Давид Яблонски']",2017-10-01,Първа професионална лига - първи етап,Георги Илиев,0
286,Етър ВТ (Велико Търново),1,0,win,Делио Роси,False,['Давид Яблонски'],2017-10-15,Първа професионална лига - първи етап,Давид Яблонски,0
287,ЦСКА-София (София),2,2,tie,Делио Роси,False,"['Давид Яблонски', 'Тиаго Родригеш', 'Тиаго Родригеш', 'Роман Прохазка']",2017-10-21,Първа професионална лига - първи етап,Тиаго Родригеш,0
288,Лудогорец 1945 (Разград),0,2,loss,Делио Роси,False,,2017-10-29,Първа професионална лига - първи етап,,0
289,Локомотив 1926 (Пловдив),1,0,win,Делио Роси,True,['Жорди Гомес'],2017-11-04,Първа професионална лига - първи етап,Жорди Гомес,0
290,Витоша (Бистрица),0,0,tie,Делио Роси,False,,2017-11-19,Първа професионална лига - първи етап,,0
291,Верея (Стара Загора),1,0,win,Делио Роси,True,['Давид Яблонски'],2017-11-25,Първа професионална лига - първи етап,Давид Яблонски,0
292,Дунав 2010 (Русе),4,0,win,Делио Роси,False,"['Васил Панайотов', 'Васил Панайотов', 'Жуниор Мапуку', 'Серджиу Буш']",2017-11-29,Първа професионална лига - първи етап,Васил Панайотов,0
293,Пирин (Благоевград),3,0,win,Делио Роси,True,"['Роман Прохазка', 'Жуниор Мапуку', 'Васил Панайотов']",2017-12-02,Първа професионална лига - първи етап,Роман Прохазка,0
294,Славия 1913 (София),1,1,tie,Делио Роси,False,"['Серджиу Буш', 'Андреа Христов']",2017-12-09,Първа професионална лига - първи етап,Серджиу Буш,0
295,Ботев (Пловдив),1,0,win,Делио Роси,True,['Пламен Димов (аг)'],2018-02-18,Първа професионална лига - първи етап,Пламен Димов (аг),0
296,Септември (София),4,1,win,Делио Роси,False,"['Станислав Костов', 'Станислав Костов', 'Габриел Обертан', 'Антони Иванов (д)', 'Габриел Обертан']",2018-02-24,Първа професионална лига - първи етап,Станислав Костов,1
297,Берое (Стара Загора),0,0,tie,Делио Роси,True,,2018-03-03,Първа професионална лига - първи етап,,0
298,Черно море (Варна),3,2,win,Делио Роси,False,"['Антонио Вутов', 'Радослав Василев', 'Паулиньо', 'Давид Яблонски', 'Радослав Василев']",2018-03-07,Първа професионална лига - първи етап,Радослав Василев,0
299,Етър ВТ (Велико Търново),1,1,tie,Делио Роси,True,"['Велко Батрович', 'Серджиу Буш', 'Филипе Насименто']",2018-03-11,Първа професионална лига - първи етап,Серджиу Буш,0
300,ЦСКА-София (София),0,1,loss,Делио Роси,False,,2018-03-18,Първа професионална лига - първи етап,,0
301,Берое (Стара Загора),1,2,loss,Делио Роси,True,"['Педро Еуженио', 'Роман Прохазка', 'Камен Хаджиев', 'Серджиу Буш']",2018-04-01,Първа професионална лига - втори етап,Серджиу Буш,0
302,Ботев (Пловдив),0,1,loss,Делио Роси,False,,2018-04-06,Първа професионална лига - втори етап,,0
303,Лудогорец 1945 (Разград),0,1,loss,Делио Роси,True,,2018-04-14,Първа професионална лига - втори етап,,0
304,ЦСКА-София (София),2,2,tie,Делио Роси,False,"['Фернандо Каранга (д)', 'Енрике', 'Иван Горанов', 'Паулиньо']",2018-04-18,Първа професионална лига - втори етап,Иван Горанов,1
305,Верея (Стара Загора),2,0,win,Делио Роси,True,"['Холмар Ейолфсон', 'Роман Прохазка']",2018-04-21,Първа професионална лига - втори етап,Холмар Ейолфсон,0
306,Берое (Стара Загора),4,0,win,Делио Роси,False,"['Давид Яблонски', 'Жорди Гомес', 'Роман Прохазка', 'Паулиньо']",2018-04-29,Първа професионална лига - втори етап,Паулиньо,0
307,Ботев (Пловдив),3,2,win,Делио Роси,True,"['Жоао Пауло', 'Стивън Петков', 'Паулиньо', 'Ривалдиньо', 'Паулиньо']",2018-05-04,Първа професионална лига - втори етап,Паулиньо,0
308,Лудогорец 1945 (Разград),2,2,tie,Делио Роси,False,"['Клаудиу Кешерю (д)', 'Роман Прохазка', 'Аймен Белаид', 'Йерсон Кабрал']",2018-05-12,Първа професионална лига - втори етап,Аймен Белаид,1
309,ЦСКА-София (София),2,3,loss,Делио Роси,False,"['Енрике', 'Паулиньо', 'Кристиян Малинов', 'Станислав Костов', 'Рубен Пинто']",2018-05-15,Първа професионална лига - втори етап,Станислав Костов,0
310,Верея (Стара Загора),2,0,win,Делио Роси,False,"['Паулиньо', 'Паулиньо']",2018-05-20,Първа професионална лига - втори етап,Паулиньо,0
311,"стадион ""Георги Аспарухов"" в София",4,1,win,Делио Роси,True,"['Габриел Обертан', 'Серджиу Буш', 'Мехди Фенуш', 'Васил Панайотов', 'Иван Горанов']",2018-05-24,Бараж за Лига Европа,Серджиу Буш,0
312,Ботев (Гълъбово),1,0,win,Делио Роси,False,['Антонио Вутов'],2017-09-19,Купа на България,Антонио Вутов,0
313,Монтана 1921 (Монтана),1,0,win,Делио Роси,True,['Даниел Георгиев (аг)'],2017-10-25,Купа на България,Даниел Георгиев (аг),0
314,Дунав 2010 (Русе),2,0,win,Делио Роси,False,"['Жуниор Мапуку', 'Йерсон Кабрал']",2017-12-15,Купа на България,Йерсон Кабрал,0
315,ЦСКА-София (София),2,0,win,Делио Роси,False,"['Серджиу Буш', 'Серджиу Буш']",2018-04-11,Купа на България,Серджиу Буш,0
316,ЦСКА-София (София),2,2,tie,Делио Роси,False,"['Жорди Гомес', 'Жан Карлос Бланко', 'Серджиу Буш', 'Роланд Алберг']",2018-04-25,Купа на България,Жан Карлос Бланко,0
317,Сутиеска (Никшич),3,1,win,Николай Митов,True,"['Жуниор Мапуку', 'Жуниор Мапуку', 'Роман Прохазка', 'Божо Маркович']",2017-06-29,Лига Европа,Жуниор Мапуку,0
318,Сутиеска (Никшич),0,0,tie,Николай Митов,False,,2017-07-06,Лига Европа,,0
319,Хайдук (Сплит),0,1,loss,Николай Митов,False,,2017-07-13,Лига Европа,,0
320,Хайдук (Сплит),1,2,loss,Николай Митов,True,"['Серджиу Буш', 'Франк Охандза', 'Анте Ерцег']",2017-07-20,Лига Европа,Серджиу Буш,0
321,Ботев (Пловдив),1,0,win,Тодор Симов,False,['Илия Димитров'],2018-07-21,Първа професионална лига - първи етап,Илия Димитров,0
322,Черно море (Варна),2,2,tie,Тодор Симов,True,"['Георги Илиев', 'Станислав Костов', 'Георги Божилов', 'Давиде Мариани']",2018-07-30,Първа професионална лига - първи етап,Станислав Костов,0
323,Ботев (Враца),2,0,win,Славиша Стоянович,False,"['Станислав Костов', 'Йерсон Кабрал']",2018-08-05,Първа професионална лига - първи етап,Станислав Костов,0
324,Дунав 2010 (Русе),2,1,win,Славиша Стоянович,False,"['Божидар Васев (д)', 'Йерсон Кабрал', 'Холмар Ейолфсон']",2018-08-11,Първа професионална лига - първи етап,Божидар Васев (д),1
325,Септември (София),2,0,win,Славиша Стоянович,True,"['Давиде Мариани', 'Станислав Костов']",2018-08-19,Първа професионална лига - първи етап,Станислав Костов,0
326,Етър ВТ (Велико Търново),2,1,win,Славиша Стоянович,False,"['Йерсон Кабрал', 'Станислав Костов', 'Флорент Бояй']",2018-08-25,Първа професионална лига - първи етап,Станислав Костов,0
327,Берое (Стара Загора),1,0,win,Славиша Стоянович,True,['Антони Белмонт'],2018-09-01,Първа професионална лига - първи етап,Антони Белмонт,0
328,Локомотив 1926 (Пловдив),0,1,loss,Славиша Стоянович,False,,2018-09-16,Първа професионална лига - първи етап,,0
329,Витоша (Бистрица),4,1,win,Славиша Стоянович,True,"['Давид Яблонски', 'Йерсон Кабрал', 'Паулиньо', 'Станислав Костов', 'Станислав Костов', 'Григор Долапчиев']",2018-09-21,Първа професионална лига - първи етап,Станислав Костов,0
330,ЦСКА-София (София),1,0,win,Славиша Стоянович,False,['В. Черняускас (аг)'],2018-09-29,Първа професионална лига - първи етап,В. Черняускас (аг),0
331,Славия 1913 (София),2,0,win,Славиша Стоянович,True,"['Станислав Костов', 'Станислав Костов']",2018-10-07,Първа професионална лига - първи етап,Станислав Костов,0
332,Лудогорец 1945 (Разград),1,2,loss,Славиша Стоянович,False,"['Джоди Лукоки', 'Вандерсон', 'Станислав Костов']",2018-10-20,Първа професионална лига - първи етап,Станислав Костов,0
333,Верея (Стара Загора),7,0,win,Славиша Стоянович,True,"['Нуно Реиш', 'Станислав Костов', 'Давиде Мариани', 'Станислав Костов', 'Давиде Мариани', 'Хали Тиам', 'Холмар Ейолфсон']",2018-10-26,Първа професионална лига - първи етап,Станислав Костов,0
334,Ботев (Пловдив),4,1,win,Славиша Стоянович,True,"['Станислав Костов', 'Антонио Вутов', 'Хали Тиам', 'Станислав Костов', 'Давиде Мариани']",2018-11-04,Първа професионална лига - първи етап,Станислав Костов,0
335,Черно море (Варна),0,1,loss,Славиша Стоянович,False,,2018-11-10,Първа професионална лига - първи етап,,0
336,Ботев (Враца),1,3,loss,Славиша Стоянович,True,"['Давиде Мариани', 'Валери Божинов (д)', 'Валери Божинов', 'Валери Домовчийски']",2018-11-25,Първа професионална лига - първи етап,Валери Божинов (д),1
337,Дунав 2010 (Русе),3,0,win,Небойша Милошевич,True,"['Йерсон Кабрал', 'Йерсон Кабрал', 'Станислав Костов']",2018-12-01,Първа професионална лига - първи етап,Йерсон Кабрал,0
338,Септември (София),2,2,tie,Славиша Стоянович,False,"['Станислав Костов', 'Иван Стоянов', 'Йерсон Кабрал', 'Мирослав Будинов']",2018-12-05,Първа професионална лига - първи етап,Станислав Костов,0
339,Етър ВТ (Велико Търново),2,1,win,Славиша Стоянович,True,"['Велко Батрович', 'Иван Скерлев (аг)', 'Серджиу Буш']",2018-12-08,Първа професионална лига - първи етап,Серджиу Буш,0
340,Берое (Стара Загора),1,2,loss,Славиша Стоянович,False,"['Мартин Камбуров', 'Габриел Обертан', 'Александър Василев']",2018-12-15,Първа професионална лига - първи етап,Мартин Камбуров,0
341,Локомотив 1926 (Пловдив),1,1,tie,Георги Дерменджиев,True,"['Анте Аралица', 'Давиде Мариани']",2019-02-17,Първа професионална лига - първи етап,Анте Аралица,0
342,Витоша (Бистрица),2,0,win,Георги Дерменджиев,False,"['Паулиньо', 'Станислав Костов']",2019-02-20,Първа професионална лига - първи етап,Станислав Костов,0
343,ЦСКА-София (София),1,0,win,Георги Дерменджиев,False,['Стивън Перейра (аг)'],2019-02-24,Първа професионална лига - първи етап,Стивън Перейра (аг),0
344,Славия 1913 (София),3,0,win,Георги Дерменджиев,False,"['Станислав Костов', 'Йерсон Кабрал', 'Давиде Мариани', 'Паулиньо']",2019-03-03,Първа професионална лига - първи етап,Станислав Костов,0
345,Лудогорец 1945 (Разград),0,2,loss,Георги Дерменджиев,True,,2019-03-10,Първа професионална лига - първи етап,,0
346,Верея (Стара Загора),4,3,win,Георги Дерменджиев,False,"['Давиде Мариани', 'Нуно Реиш', 'Серджиу Буш', 'Станислав Костов', 'Орелиен Нжеитала', 'Валери Божинов', 'Денислав Станчев']",2019-03-16,Първа професионална лига - първи етап,Серджиу Буш,0
347,Ботев (Пловдив),1,1,tie,Георги Дерменджиев,True,"['Давиде Мариани', 'Кристиан Димитров']",2019-03-31,Първа професионална лига - втори етап,Кристиан Димитров,0
348,Черно море (Варна),1,0,win,Георги Дерменджиев,False,['Станислав Костов'],2019-04-07,Първа професионална лига - втори етап,Станислав Костов,0
349,Лудогорец 1945 (Разград),0,2,loss,Георги Дерменджиев,False,,2019-04-14,Първа професионална лига - втори етап,,0
350,ЦСКА-София (София),0,0,tie,Георги Дерменджиев,False,,2019-04-20,Първа професионална лига - втори етап,,0
351,Берое (Стара Загора),1,2,loss,Георги Дерменджиев,True,"['Станислав Костов', 'Карлос Охене', 'Педро Еуженио']",2019-04-26,Първа професионална лига - втори етап,Станислав Костов,0
352,Ботев (Пловдив),3,1,win,Георги Тодоров,False,"['Станислав Костов', 'Тодор Неделев', 'Станислав Иванов', 'Валери Божинов']",2019-05-04,Първа професионална лига - втори етап,Станислав Костов,0
353,Черно море (Варна),5,1,win,Георги Тодоров,True,"['Станислав Костов', 'Паулиньо', 'Давиде Мариани', 'Станислав Костов', 'Станислав Иванов', 'Дани Кики']",2019-05-12,Първа професионална лига - втори етап,Станислав Костов,0
354,Лудогорец 1945 (Разград),1,1,tie,Георги Тодоров,False,"['Космин Моци (д)', 'Живко Миланов']",2019-05-18,Първа професионална лига - втори етап,Живко Миланов,1
355,ЦСКА-София (София),0,2,loss,Георги Тодоров,False,,2019-05-21,Първа професионална лига - втори етап,,0
356,Берое (Стара Загора),1,3,loss,Георги Тодоров,False,"['Рубен Бригидо', 'Мартин Камбуров', 'Валери Божинов', 'Мартин Камбуров']",2019-05-24,Първа професионална лига - втори етап,Мартин Камбуров,0
357,"стадион ""Георги Аспарухов"" в София",1,0,win,Георги Тодоров,True,['Валери Божинов'],2019-05-28,Бараж за Лига Европа,Валери Божинов,0
358,Атлетик (Куклен),6,0,win,Славиша Стоянович,False,"['Атанас Кабов', 'Серджиу Буш', 'Станислав Иванов', 'Янко Гюзлев (аг)', 'Станислав Иванов', 'Филипе Насименто']",2018-09-25,Купа на България,Станислав Иванов,0
359,Вадуц,0,1,loss,Делио Роси,False,,2018-07-11,Лига Европа,,0
360,Вадуц,3,2,win,Делио Роси,True,"['Мохамед Кулибали', 'Серджиу Буш', 'Аймен Белаид', 'Игор Тадич', 'Серджиу Буш', 'Йерсон Кабрал']",2018-07-17,Лига Европа,Серджиу Буш,0
361,Дунав (Русе),4,1,win,Петър Хубчев,False,"['Давиде Мариани', 'Станислав Иванов', 'Ахмед Ахмедов', 'Давиде Мариани', 'Паулиньо']",2019-07-15,Първа професионална лига - първи етап,Давиде Мариани,0
362,Етър ВТ (Велико Търново),0,0,tie,Петър Хубчев,False,,2019-07-21,Първа професионална лига - първи етап,,0
363,Ботев (Пловдив),3,1,win,Петър Хубчев,True,"['Давиде Мариани', 'Еберт', 'Давиде Мариани', 'Иван Горанов']",2019-07-29,Първа професионална лига - първи етап,Давиде Мариани,0
364,Царско село 2015 (София),2,0,win,Петър Хубчев,False,"['Найджъл Роберта', 'Станислав Иванов']",2019-08-05,Първа професионална лига - първи етап,Найджъл Роберта,0
365,Берое (Стара Загора),1,3,loss,Петър Хубчев,True,"['Педро Еуженио', 'Мартин Камбуров', 'Мартин Камбуров', 'Франко Мазурек']",2019-08-10,Първа професионална лига - първи етап,Мартин Камбуров,0
366,Витоша (Бистрица),4,0,win,Петър Хубчев,False,"['Паулиньо', 'Паулиньо', 'Филипе Насименто', 'Найджъл Роберта']",2019-08-17,Първа професионална лига - първи етап,Паулиньо,0
367,Локомотив 1926 (Пловдив),1,0,win,Петър Хубчев,True,['Найджъл Роберта'],2019-08-24,Първа професионална лига - първи етап,Найджъл Роберта,0
368,ЦСКА-София (София),2,2,tie,Петър Хубчев,False,"['Станислав Иванов', 'Найджъл Роберта', 'Евандро', 'Раул Албентоса']",2019-09-01,Първа професионална лига - първи етап,Найджъл Роберта,0
369,Черно море (Варна),3,0,win,Петър Хубчев,True,"['Станислав Иванов', 'Паулиньо', 'Найджъл Роберта']",2019-09-15,Първа професионална лига - първи етап,Найджъл Роберта,0
370,Славия 1913 (София),2,0,win,Петър Хубчев,False,"['Филипе Насименто', 'Станислав Иванов']",2019-09-21,Първа професионална лига - първи етап,Станислав Иванов,0
371,Ботев (Враца),3,1,win,Петър Хубчев,True,"['Холмар Ейолфсон', 'Найджъл Роберта', 'Даниел Генов', 'Паулиньо']",2019-09-28,Първа професионална лига - първи етап,Найджъл Роберта,0
372,Лудогорец 1945 (Разград),0,2,loss,Петър Хубчев,False,,2019-10-06,Първа професионална лига - първи етап,,0
373,Арда 1924 (Кърджали),2,1,win,Петър Хубчев,True,"['Хали Тиам', 'Станислав Иванов', 'Пламен Крумов']",2019-10-19,Първа професионална лига - първи етап,Пламен Крумов,0
374,Дунав (Русе),2,0,win,Петър Хубчев,True,"['Благой Макенджиев (аг)', 'Холмар Ейолфсон']",2019-10-31,Първа професионална лига - първи етап,Холмар Ейолфсон,0
375,Етър ВТ (Велико Търново),3,0,win,Петър Хубчев,True,"['Холмар Ейолфсон', 'Паулиньо', 'Дени Алар']",2019-11-06,Първа професионална лига - първи етап,Дени Алар,0
376,Ботев (Пловдив),0,1,loss,Петър Хубчев,False,,2019-11-10,Първа професионална лига - първи етап,,0
377,Царско село 2015 (София),2,0,win,Петър Хубчев,True,"['Найджъл Роберта', 'Станислав Иванов']",2019-11-24,Първа професионална лига - първи етап,Найджъл Роберта,0
378,Берое (Стара Загора),1,1,tie,Петър Хубчев,False,"['Мартин Камбуров', 'Найджъл Роберта']",2019-11-30,Първа професионална лига - първи етап,Найджъл Роберта,0
379,Витоша (Бистрица),2,0,win,Петър Хубчев,True,"['Паулиньо', 'Станислав Иванов']",2019-12-08,Първа професионална лига - първи етап,Паулиньо,0
380,Локомотив 1926 (Пловдив),0,0,tie,Петър Хубчев,False,,2019-12-15,Първа професионална лига - първи етап,,0
381,ЦСКА-София (София),0,0,tie,Петър Хубчев,False,,2020-02-15,Първа професионална лига - първи етап,,0
382,Черно море (Варна),2,2,tie,Петър Хубчев,False,"['Матиас Курьор', 'Стейн Спийрингс', 'Дени Алар', 'Мартин Минчев']",2020-02-22,Първа професионална лига - първи етап,Дени Алар,0
383,Славия 1913 (София),1,2,loss,Петър Хубчев,True,"['Ивайло Ем.Димитров', 'Найджъл Роберта', 'Ивайло Ем.Димитров']",2020-03-01,Първа професионална лига - първи етап,Ивайло Ем.Димитров,0
384,Ботев (Враца),0,0,tie,Петър Хубчев,False,,2020-03-08,Първа професионална лига - първи етап,,0
385,Лудогорец 1945 (Разград),0,1,loss,Петър Хубчев,True,,2020-06-05,Първа професионална лига - първи етап,,0
386,Арда 1924 (Кърджали),3,1,win,Георги Тодоров,False,"['Паулиньо', 'Радослав Василев', 'Стейн Спийрингс', 'Мартин Д.Петков']",2020-06-13,Първа професионална лига - първи етап,Стейн Спийрингс,0
387,ЦСКА-София (София),3,3,tie,Георги Тодоров,False,"['Янис Каргас', 'Иван Горанов', 'Хали Тиам', 'Греъм Кери (д)', 'Симеон Славчев', 'Али Соу']",2020-06-20,Първа професионална лига - втори етап,Янис Каргас,1
388,Берое (Стара Загора),2,1,win,Георги Тодоров,False,"['Найджъл Роберта', 'Мартин Камбуров', 'Найджъл Роберта']",2020-06-28,Първа професионална лига - втори етап,Найджъл Роберта,0
389,Славия 1913 (София),1,2,loss,Георги Тодоров,True,"['Станислав Иванов', 'Ивайло Димитров', 'Филип Кръстев']",2020-07-04,Първа професионална лига - втори етап,Станислав Иванов,0
390,Лудогорец 1945 (Разград),0,3,loss,Георги Тодоров,False,,2020-07-08,Първа професионална лига - втори етап,,0
391,Локомотив 1926 (Пловдив),1,2,loss,Георги Тодоров,True,"['Насиру Мохамед', 'Доминик Малонга', 'Доминик Малонга']",2020-07-12,Първа професионална лига - втори етап,Доминик Малонга,0
392,Спартак 1918 (Варна),5,1,win,Петър Хубчев,False,"['Франко Мазурек', 'Дени Алар', 'Насиру Мохамед', 'Мартин Д.Петков', 'Мартин Д.Петков', 'Ивайло Русев']",2019-09-25,Купа на България,Мартин Д.Петков,0
393,Черно море (Варна),1,0,win,Петър Хубчев,True,['Мартин Райнов'],2019-12-04,Купа на България,Мартин Райнов,0
394,Локомотив 1926 (Пловдив),0,2,loss,Петър Хубчев,False,,2020-06-09,Купа на България,,0
395,Локомотив 1926 (Пловдив),0,0,tie,Георги Тодоров,True,,2020-06-23,Купа на България,,0
396,Ружомберок,2,0,win,Петър Хубчев,False,"['Давиде Мариани', 'Паулиньо']",2019-07-11,Лига Европа,Паулиньо,0
397,Ружомберок,2,0,win,Петър Хубчев,True,"['Давиде Мариани', 'Дени Алар']",2019-07-18,Лига Европа,Дени Алар,0
398,АЕК (Ларнака),0,3,loss,Петър Хубчев,False,,2019-07-25,Лига Европа,,0
399,АЕК (Ларнака),0,4,loss,Петър Хубчев,True,,2019-08-01,Лига Европа,,0
400,Берое (Стара Загора),0,2,loss,Георги Тодоров,True,,2020-08-10,Първа професионална лига - първи етап,,0
401,Арда 1924 (Кърджали),1,1,tie,Георги Тодоров,False,"['Иван Коконов', 'Паулиньо']",2020-08-15,Първа професионална лига - първи етап,Паулиньо,0
402,Царско село 2015 (София),0,1,loss,Георги Тодоров,True,,2020-08-23,Първа професионална лига - първи етап,,0
403,Монтана 1921 (Монтана),4,0,win,Георги Тодоров,False,"['Стейн Спийрингс', 'Паулиньо', 'Стейн Спийрингс', 'Ивайло Найденов']",2020-08-29,Първа професионална лига - първи етап,Стейн Спийрингс,0
404,Етър ВТ (Велико Търново),2,1,win,Георги Тодоров,True,"['Живко Атанасов', 'Преслав Боруков', 'Борислав Цонев']",2020-09-13,Първа професионална лига - първи етап,Живко Атанасов,0
405,ЦСКА 1948 (София),3,0,win,Георги Тодоров,True,"['Насиру Мохамед', 'Борислав Цонев', 'Борислав Цонев']",2020-09-19,Първа професионална лига - първи етап,Борислав Цонев,0
406,Ботев (Пловдив),1,2,loss,Георги Тодоров,False,"['Атанас Илиев', 'Атанас Илиев', 'Борислав Цонев']",2020-09-26,Първа професионална лига - първи етап,Атанас Илиев,0
407,Ботев (Враца),0,0,tie,Георги Тодоров,True,,2020-10-03,Първа професионална лига - първи етап,,0
408,Славия 1913 (София),0,1,loss,Георги Тодоров,False,,2020-10-18,Първа професионална лига - първи етап,,0
409,Черно море (Варна),1,2,loss,Георги Тодоров,True,"['Мартин Райнов', 'Матиас Курьор', 'Васил Панайотов']",2020-10-24,Първа професионална лига - първи етап,Васил Панайотов,0
410,Лудогорец 1945 (Разград),0,1,loss,Живко Миланов,False,,2020-11-01,Първа професионална лига - първи етап,,0
411,Локомотив 1926 (Пловдив),1,0,win,Славиша Стоянович,True,['Найджъл Роберта'],2020-12-02,Първа професионална лига - първи етап,Найджъл Роберта,0
412,ЦСКА-София (София),0,1,loss,Славиша Стоянович,False,,2020-12-18,Първа професионална лига - първи етап,,0
413,Берое (Стара Загора),1,2,loss,Славиша Стоянович,False,"['Алиюн Фол', 'Паулиньо', 'Алиюн Фол']",2020-12-09,Първа професионална лига - първи етап,Алиюн Фол,0
414,Арда 1924 (Кърджали),1,2,loss,Славиша Стоянович,True,"['Матеус Леони', 'Паулиньо', 'Иван Коконов']",2020-12-05,Първа професионална лига - първи етап,Матеус Леони,0
415,Царско село 2015 (София),2,2,tie,Славиша Стоянович,False,"['Мартин Кавдански', 'Найджъл Роберта', 'Станислав Иванов', 'Реян Даскалов']",2020-12-12,Първа професионална лига - първи етап,Мартин Кавдански,0
416,Монтана 1921 (Монтана),2,0,win,Славиша Стоянович,True,"['Здравко Димитров', 'Стивън Петков']",2021-02-14,Първа професионална лига - първи етап,Стивън Петков,0
417,Етър ВТ (Велико Търново),0,0,tie,Славиша Стоянович,False,,2021-02-21,Първа професионална лига - първи етап,,0
418,ЦСКА 1948 (София),0,0,tie,Славиша Стоянович,False,,2021-02-28,Първа професионална лига - първи етап,,0
419,Ботев (Пловдив),2,2,tie,Славиша Стоянович,True,"['Атанас Илиев', 'Найджъл Роберта', 'Мартин Д.Петков', 'Атанас Илиев']",2021-03-07,Първа професионална лига - първи етап,Атанас Илиев,0
420,Ботев (Враца),3,1,win,Славиша Стоянович,False,"['Костадин Ничев', 'Даниел Генов', 'Найджъл Роберта', 'Живко Атанасов', 'Найджъл Роберта']",2021-03-13,Първа професионална лига - първи етап,Найджъл Роберта,0
421,Славия 1913 (София),1,0,win,Славиша Стоянович,True,['Найджъл Роберта'],2021-03-21,Първа професионална лига - първи етап,Найджъл Роберта,0
422,Черно море (Варна),0,0,tie,Живко Миланов,False,,2021-04-11,Първа професионална лига - първи етап,,0
423,Лудогорец 1945 (Разград),0,3,loss,Живко Миланов,True,,2021-04-18,Първа професионална лига - първи етап,,0
424,Локомотив 1926 (Пловдив),0,1,loss,Живко Миланов,False,,2021-04-21,Първа професионална лига - първи етап,,0
425,ЦСКА-София (София),0,2,loss,Живко Миланов,False,,2021-04-25,Първа професионална лига - първи етап,,0
426,Царско село 2015 (София),2,0,win,Живко Миланов,False,"['Марин Петков', 'Борислав Цонев']",2021-05-05,Първа професионална лига - втори етап,Марин Петков,0
427,Ботев (Пловдив),1,0,win,Живко Миланов,False,['Марин Петков'],2021-05-09,Първа професионална лига - втори етап,Марин Петков,0
428,Черно море (Варна),2,1,win,Живко Миланов,True,"['Илиан Ил.Илиев', 'Начо Монсалве', 'Живко Атанасов']",2021-05-13,Първа професионална лига - втори етап,Илиан Ил.Илиев,0
429,Царско село 2015 (София),1,1,tie,Живко Миланов,True,"['Андерсон Кордейро', 'Борислав Цонев']",2021-05-17,Първа професионална лига - втори етап,Борислав Цонев,0
430,Ботев (Пловдив),1,2,loss,Живко Миланов,True,"['Живко Атанасов', 'Емануел Току', 'Емануел Току']",2021-05-20,Първа професионална лига - втори етап,Емануел Току,0
431,Черно море (Варна),2,1,win,Живко Миланов,False,"['Васил Панайотов', 'Радослав Цонев', 'Валери Божинов']",2021-05-23,Първа професионална лига - втори етап,Радослав Цонев,0
432,Партизан (Червен бряг),4,1,win,Георги Тодоров,False,"['Любомир Иванов', 'Валери Божинов', 'Здравко Димитров', 'Петьо Петков (аг)', 'Мартин Д.Петков']",2020-10-21,Купа на България,Здравко Димитров,0
433,Берое (Стара Загора),3,1,win,Славиша Стоянович,True,"['Мартин Камбуров (д)', 'Найджъл Роберта', 'Найджъл Роберта', 'Найджъл Роберта']",2021-03-03,Купа на България,Найджъл Роберта,1
434,Славия 1913 (София),1,2,loss,Славиша Стоянович,False,"['Питър Макрилос', 'Марин Петков', 'Калоян Кръстев']",2021-03-17,Купа на България,Питър Макрилос,0
435,Славия 1913 (София),1,2,loss,Живко Миланов,True,"['Марин Петков', 'Емил Виячки', 'Калоян Кръстев']",2021-07-24,Първа професионална лига - първи етап,Марин Петков,0
436,Ботев (Враца),0,2,loss,Живко Миланов,False,,2021-07-31,Първа професионална лига - първи етап,,0
437,Арда 1924 (Кърджали),0,2,loss,Живко Миланов,True,,2021-08-08,Първа професионална лига - първи етап,,0
438,Царско село 2015 (София),3,1,win,Живко Миланов,True,"['Васил Шопов', 'Борислав Цонев', 'Мартин Д.Петков', 'Андриан Краев']",2021-08-14,Първа професионална лига - първи етап,Андриан Краев,0
439,Ботев (Пловдив),1,3,loss,Живко Миланов,False,"['Тодор Неделев (д)', 'Симеон Славчев', 'Антоан Бароан', 'Радослав Цонев']",2021-08-20,Първа професионална лига - първи етап,Симеон Славчев,1
440,Берое (Стара Загора),2,1,win,Тодор Симов,True,"['Христофор Хубчев', 'Борислав Цонев', 'Кийлън Лебон']",2021-08-28,Първа професионална лига - първи етап,Кийлън Лебон,0
441,Локомотив 1926 (Пловдив),2,2,tie,Станимир Стоилов,False,"['Бирсент Карагарен (аг)', 'Бирсент Карагарен', 'Георги Миланов', 'Димитър Кр.Илиев']",2021-09-12,Първа професионална лига - първи етап,Димитър Кр.Илиев,0
442,ЦСКА 1948 (София),0,0,tie,Станимир Стоилов,True,,2021-09-18,Първа професионална лига - първи етап,,0
443,ЦСКА-София (София),1,2,loss,Станимир Стоилов,False,"['Георги Миланов', 'Греъм Кери', 'Жорди Кайседо']",2021-09-26,Първа професионална лига - първи етап,Георги Миланов,0
444,Лудогорец 1945 (Разград),2,4,loss,Станимир Стоилов,True,"['Борислав Цонев', 'Доминик Янков', 'Пиерос Сотириу', 'Борислав Цонев', 'Елвис Ману', 'Бърнард Текпетей']",2021-10-03,Първа професионална лига - първи етап,Борислав Цонев,0
445,Локомотив 1929 (София),2,1,win,Станимир Стоилов,False,"['Октавио', 'Здравко Димитров', 'Билал Бари', 'Пламен Крачунов']",2021-10-16,Първа професионална лига - първи етап,Здравко Димитров,0
446,Пирин (Благоевград),3,0,win,Станимир Стоилов,True,"['Марин Петков', 'Марин Петков', 'Билал Бари']",2021-10-23,Първа професионална лига - първи етап,Марин Петков,0
447,Черно море (Варна),0,1,loss,Станимир Стоилов,False,,2021-10-30,Първа професионална лига - първи етап,,0
448,Славия 1913 (София),1,0,win,Станимир Стоилов,False,['Билал Бари'],2021-11-06,Първа професионална лига - първи етап,Билал Бари,0
449,Ботев (Враца),0,0,tie,Станимир Стоилов,True,,2021-11-22,Първа професионална лига - първи етап,,0
450,Арда 1924 (Кърджали),0,0,tie,Станимир Стоилов,False,,2021-11-27,Първа професионална лига - първи етап,,0
451,Царско село 2015 (София),1,0,win,Станимир Стоилов,False,['Билал Бари'],2021-12-01,Първа професионална лига - първи етап,Билал Бари,0
452,Ботев (Пловдив),2,0,win,Станимир Стоилов,True,"['Гьоко Зайков', 'Борислав Цонев']",2021-12-04,Първа професионална лига - първи етап,Гьоко Зайков,0
453,Берое (Стара Загора),1,1,tie,Станимир Стоилов,False,"['Билал Бари', 'Алиюн Фол']",2021-12-12,Първа професионална лига - първи етап,Алиюн Фол,0
454,Локомотив 1926 (Пловдив),2,1,win,Станимир Стоилов,True,"['Андриан Краев', 'Милош Петрович', 'Филип Кръстев']",2022-02-19,Първа професионална лига - първи етап,Милош Петрович,0
455,ЦСКА 1948 (София),2,0,win,Станимир Стоилов,False,"['Димитър Костадинов', 'Велтон Фелипе']",2022-02-26,Първа професионална лига - първи етап,Велтон Фелипе,0
456,Марек 1915 (Дупница),2,0,win,Станимир Стоилов,False,"['Димитър Костадинов', 'Димитър Костадинов']",2021-09-22,Купа на България,Димитър Костадинов,0
457,Септември (Симитли),7,0,win,Станимир Стоилов,True,"['Марин Петков', 'Билал Бари', 'Билал Бари', 'Георги Миланов', 'Билал Бари', 'Борислав Цонев', 'Димитър Костадинов']",2021-10-26,Купа на България,Билал Бари,0
458,Септември (София),2,0,win,Станимир Стоилов,True,"['Димитър Костадинов', 'Георги Миланов']",2022-03-02,Купа на България,Георги Миланов,0
